<?xml version="1.0" encoding="UTF-8"?>

<faces-config
    xmlns="http://java.sun.com/xml/ns/javaee"
    xmlns:xsi="http://www.w3.org/2001/XMLSchema-instance"
    xsi:schemaLocation="http://java.sun.com/xml/ns/javaee http://java.sun.com/xml/ns/javaee/web-facesconfig_2_0.xsd"
    version="2.0">
    
    <navigation-rule>
		<from-view-id>/login.xhtml</from-view-id>
		<navigation-case>
			<from-outcome>admin</from-outcome>
			<to-view-id>/admin.xhtml</to-view-id>
		</navigation-case>
	</navigation-rule>
<application>
<resource-bundle>
	<base-name>br.com.salao.labels</base-name>
	<var>labels</var>
</resource-bundle>
<locale-config>
	<default-locale>pt</default-locale>
	<supported-locale>en</supported-locale>
</locale-config>
</application>
</faces-config>